{
  "max_memory_mb": 997.484375,
  "avg_memory_mb": 816.96875,
  "memory_timeline": [
    306.13671875,
    997.484375,
    927.40625,
    926.60546875,
    927.2109375
  ]
}